Workbook

Sheet Raw Data
A1: Record_ID | B1: Date_Observed | C1: Barangay | D1: Affected_Area_ha | E1: % of Damage
A2: P001 | B2: August | C2: BS Aquino | D2: 6 | E2: 45
A3: P002 | B3: August | C3: BS Aquino | D3: 2 | E3: 40
A4: P003 | B4: August | C4: BS Aquino | D4: 1 | E4: 40
A5: P004 | B5: August | C5: BS Aquino | D5: 1.4 | E5: 45
A6: P005 | B6: August | C6: BS Aquino | D6: 0.6 | E6: 30
A7: P006 | B7: August | C7: BS Aquino | D7: 0.5 | E7: 30
A8: P007 | B8: August | C8: BS Aquino | D8: 2 | E8: 35
A9: P008 | B9: August | C9: BS Aquino | D9: 0.8 | E9: 40
A10: P009 | B10: August | C10: Esperanza | D10: 1 | E10: 30
A11: P010 | B11: August | C11: Esperanza | D11: 1 | E11: 30
A12: P011 | B12: August | C12: Esperanza | D12: 1.9 | E12: 20
A13: P012 | B13: August | C13: Esperanza | D13: 0.5 | E13: 10
... A88: P087 | B88: August | C88: Simsiman | D88: 3 | E88: 60

Sheet Barangay Sumamry
A1: Barangay | B1: Report Frequency | C1: Total Affected Area (ha) | D1: Mean Percentage Damage | E1: Cultivated Rice Area | F1: Affected-area ratio | G1: Normalized Frequency | H1: Normalized Affected Area | I1: Normalized damage | J1: IPI | K1: Primary rank | L1: Priority classification | M1: Frequency Rank | N1: Rank Change | O1: Absolute Rank Change | P1: Spearman's rho | Q1: Frequency emphasis | R1: FE Rank | S1: Rank change | T1: Area-emphasis | U1: AE rank | V1: Rank change | W1: Damage emphasis scenario | X1: DE rank | Y1: Rank change | Z1: W/o Frequency | AA1: Rank | AB1: RC | AC1: W/o Affected Area | AD1: Rank | AE1: RC | AF1: W/o Damage | AG1: Rank | AH1: RC | AI1: Normalized AA | AJ1: Ratio Based IPI | AK1: Rank | AL1: RC | AM1: Absolute RC
A2: BS Aquino | B2: =COUNTIF('Raw Data'!$C$2:$C$9,'Barangay Sumamry'!A2) -> 8 | C2: =SUM('Raw Data'!D2:D9) -> 14.3 | D2: =AVERAGE('Raw Data'!E2:E9) -> 38.125 | E2: 258.66 | F2: =(C2/E2) -> 0.05528493 | G2: =(B2-MIN($B$2:$B$9))/(MAX($B$2:$B$9)-MIN($B$2:$B$9)) -> 0.11111111 | H2: =(C2-MIN($C$2:$C$9))/(MAX($C$2:$C$9)-MIN($C$2:$C$9)) -> 0.15370705 | I2: =(D2-MIN($D$2:$D$9))/(MAX($D$2:$D$9)-MIN($D$2:$D$9)) -> 0.32094595 | J2: =AVERAGE(G2:I2) -> 0.1952547 | K2: =_xlfn.RANK.EQ(J2,$J$2:$J$9,0) -> 5 | L2: =IF(J2<=0.2,"Low",IF(J2<=0.4,"Moderate",IF(J2<=0.6,"High","Very High"))) -> Low | M2: =_xlfn.RANK.EQ(B2,$B$2:$B$9,0) -> 4 | N2: =K2-M2 -> 1 | O2: =ABS(N2) -> 1 | P2: =CORREL(M2:M9,K2:K9) -> 0.3509312 | Q2: =0.5*G2+0.25*H2+0.25*I2 -> 0.17421881 | R2: =_xlfn.RANK.EQ(Q2,$Q$2:$Q$9,0) -> 5 | S2: =R2-K2 -> 0 | T2: =0.25*G2+0.5*H2+0.25*I2 -> 0.18486779 | U2: =_xlfn.RANK.EQ(T2,$T$2:$T$9,0) -> 5 | V2: =U2-K2 -> 0 | W2: =0.25*G2+0.25*H2+0.5*I2 -> 0.22667751 | X2: =_xlfn.RANK.EQ(W2,W2:W9,0) -> 6 | Y2: =X2-K2 -> 1 | Z2: =AVERAGE(H2:I2) -> 0.2373265 | AA2: =_xlfn.RANK.EQ(Z2,$Z$2:$Z$9,0) -> 6 | AB2: =AA2-K2 -> 1 | AC2: =AVERAGE(G2,I2) -> 0.21602853 | AD2: =_xlfn.RANK.EQ(AC2,$AC$2:$AC$9,0) -> 6 | AE2: =AD2-K2 -> 1 | AF2: =AVERAGE(G2,H2) -> 0.13240908 | AG2: =_xlfn.RANK.EQ(AF2,$AF$2:$AF$9,0) -> 3 | AH2: =AG2-K2 -> -2 | AI2: =(F2-MIN($F$2:$F$9))/(MAX($F$2:$F$9)-MIN($F$2:$F$9)) -> 0.43257354 | AJ2: =AVERAGE(AI2,G2,I2) -> 0.2882102 | AK2: =_xlfn.RANK.EQ(AJ2,$AJ$2:$AJ$9,0) -> 3 | AL2: =AK2-K2 -> -2 | AM2: =ABS(AL2) -> 2
A3: Esperanza | B3: =COUNTIF('Raw Data'!$C$10:$C$15,'Barangay Sumamry'!A3) -> 6 | C3: =SUM('Raw Data'!D10:D15) -> 5.8 | D3: =AVERAGE('Raw Data'!E10:E15) -> 18.333333 | E3: 516.74 | F3: =(C3/E3) -> 0.011224213 | G3: =(B3-MIN($B$2:$B$9))/(MAX($B$2:$B$9)-MIN($B$2:$B$9)) -> 0.055555556 | H3: =(C3-MIN($C$2:$C$9))/(MAX($C$2:$C$9)-MIN($C$2:$C$9)) -> 0 | I3: =(D3-MIN($D$2:$D$9))/(MAX($D$2:$D$9)-MIN($D$2:$D$9)) -> 0 | J3: =AVERAGE(G3:I3) -> 0.018518519 | K3: =_xlfn.RANK.EQ(J3,$J$2:$J$9,0) -> 8 | L3: =IF(J3<=0.2,"Low",IF(J3<=0.4,"Moderate",IF(J3<=0.6,"High","Very High"))) -> Low | M3: =_xlfn.RANK.EQ(B3,$B$2:$B$9,0) -> 5 | N3: =K3-M3 -> 3 | O3: =ABS(N3) -> 3 | Q3: =0.5*G3+0.25*H3+0.25*I3 -> 0.027777778 | R3: =_xlfn.RANK.EQ(Q3,$Q$2:$Q$9,0) -> 8 | S3: =R3-K3 -> 0 | T3: =0.25*G3+0.5*H3+0.25*I3 -> 0.013888889 | U3: =_xlfn.RANK.EQ(T3,$T$2:$T$9,0) -> 8 | V3: =U3-K3 -> 0 | W3: =0.25*G3+0.25*H3+0.5*I3 -> 0.013888889 | X3: =_xlfn.RANK.EQ(W3,W3:W10,0) -> 7 | Y3: =X3-K3 -> -1 | Z3: =AVERAGE(H3:I3) -> 0 | AA3: =_xlfn.RANK.EQ(Z3,$Z$2:$Z$9,0) -> 8 | AB3: =AA3-K3 -> 0 | AC3: =AVERAGE(G3,I3) -> 0.027777778 | AD3: =_xlfn.RANK.EQ(AC3,$AC$2:$AC$9,0) -> 8 | AE3: =AD3-K3 -> 0 | AF3: =AVERAGE(G3,H3) -> 0.027777778 | AG3: =_xlfn.RANK.EQ(AF3,$AF$2:$AF$9,0) -> 6 | AH3: =AG3-K3 -> -2 | AI3: =(F3-MIN($F$2:$F$9))/(MAX($F$2:$F$9)-MIN($F$2:$F$9)) -> 0.067549574 | AJ3: =AVERAGE(AI3,G3,I3) -> 0.041035043 | AK3: =_xlfn.RANK.EQ(AJ3,$AJ$2:$AJ$9,0) -> 8 | AL3: =AK3-K3 -> 0 | AM3: =ABS(AL3) -> 0
A4: Kibid | B4: =COUNTIF('Raw Data'!$C$16:$C$24,'Barangay Sumamry'!A4) -> 9 | C4: =SUM('Raw Data'!D16:D24) -> 9.83 | D4: =AVERAGE('Raw Data'!E16:E24) -> 33.333333 | E4: 440.86 | F4: =(C4/E4) -> 0.022297328 | G4: =(B4-MIN($B$2:$B$9))/(MAX($B$2:$B$9)-MIN($B$2:$B$9)) -> 0.13888889 | H4: =(C4-MIN($C$2:$C$9))/(MAX($C$2:$C$9)-MIN($C$2:$C$9)) -> 0.072875226 | I4: =(D4-MIN($D$2:$D$9))/(MAX($D$2:$D$9)-MIN($D$2:$D$9)) -> 0.24324324 | J4: =AVERAGE(G4:I4) -> 0.15166912 | K4: =_xlfn.RANK.EQ(J4,$J$2:$J$9,0) -> 7 | L4: =IF(J4<=0.2,"Low",IF(J4<=0.4,"Moderate",IF(J4<=0.6,"High","Very High"))) -> Low | M4: =_xlfn.RANK.EQ(B4,$B$2:$B$9,0) -> 2 | N4: =K4-M4 -> 5 | O4: =ABS(N4) -> 5 | Q4: =0.5*G4+0.25*H4+0.25*I4 -> 0.14847406 | R4: =_xlfn.RANK.EQ(Q4,$Q$2:$Q$9,0) -> 6 | S4: =R4-K4 -> -1 | T4: =0.25*G4+0.5*H4+0.25*I4 -> 0.13197065 | U4: =_xlfn.RANK.EQ(T4,$T$2:$T$9,0) -> 7 | V4: =U4-K4 -> 0 | W4: =0.25*G4+0.25*H4+0.5*I4 -> 0.17456265 | X4: =_xlfn.RANK.EQ(W4,W4:W11,0) -> 6 | Y4: =X4-K4 -> -1 | Z4: =AVERAGE(H4:I4) -> 0.15805923 | AA4: =_xlfn.RANK.EQ(Z4,$Z$2:$Z$9,0) -> 7 | AB4: =AA4-K4 -> 0 | AC4: =AVERAGE(G4,I4) -> 0.19106607 | AD4: =_xlfn.RANK.EQ(AC4,$AC$2:$AC$9,0) -> 7 | AE4: =AD4-K4 -> 0 | AF4: =AVERAGE(G4,H4) -> 0.10588206 | AG4: =_xlfn.RANK.EQ(AF4,$AF$2:$AF$9,0) -> 4 | AH4: =AG4-K4 -> -3 | AI4: =(F4-MIN($F$2:$F$9))/(MAX($F$2:$F$9)-MIN($F$2:$F$9)) -> 0.15928553 | AJ4: =AVERAGE(AI4,G4,I4) -> 0.18047256 | AK4: =_xlfn.RANK.EQ(AJ4,$AJ$2:$AJ$9,0) -> 7 | AL4: =AK4-K4 -> 0 | AM4: =ABS(AL4) -> 0
A5: Lapuz | B5: =COUNTIF('Raw Data'!$C$25:$C$29,'Barangay Sumamry'!A5) -> 5 | C5: =SUM('Raw Data'!D25:D29) -> 6.6 | D5: =AVERAGE('Raw Data'!E25:E29) -> 64 | E5: 504.93 | F5: =(C5/E5) -> 0.013071119 | G5: =(B5-MIN($B$2:$B$9))/(MAX($B$2:$B$9)-MIN($B$2:$B$9)) -> 0.027777778 | H5: =(C5-MIN($C$2:$C$9))/(MAX($C$2:$C$9)-MIN($C$2:$C$9)) -> 0.014466546 | I5: =(D5-MIN($D$2:$D$9))/(MAX($D$2:$D$9)-MIN($D$2:$D$9)) -> 0.74054054 | J5: =AVERAGE(G5:I5) -> 0.26092829 | K5: =_xlfn.RANK.EQ(J5,$J$2:$J$9,0) -> 3 | L5: =IF(J5<=0.2,"Low",IF(J5<=0.4,"Moderate",IF(J5<=0.6,"High","Very High"))) -> Moderate | M5: =_xlfn.RANK.EQ(B5,$B$2:$B$9,0) -> 7 | N5: =K5-M5 -> -4 | O5: =ABS(N5) -> 4 | Q5: =0.5*G5+0.25*H5+0.25*I5 -> 0.20264066 | R5: =_xlfn.RANK.EQ(Q5,$Q$2:$Q$9,0) -> 3 | S5: =R5-K5 -> 0 | T5: =0.25*G5+0.5*H5+0.25*I5 -> 0.19931285 | U5: =_xlfn.RANK.EQ(T5,$T$2:$T$9,0) -> 3 | V5: =U5-K5 -> 0 | W5: =0.25*G5+0.25*H5+0.5*I5 -> 0.38083135 | X5: =_xlfn.RANK.EQ(W5,W5:W12,0) -> 3 | Y5: =X5-K5 -> 0 | Z5: =AVERAGE(H5:I5) -> 0.37750354 | AA5: =_xlfn.RANK.EQ(Z5,$Z$2:$Z$9,0) -> 3 | AB5: =AA5-K5 -> 0 | AC5: =AVERAGE(G5,I5) -> 0.38415916 | AD5: =_xlfn.RANK.EQ(AC5,$AC$2:$AC$9,0) -> 3 | AE5: =AD5-K5 -> 0 | AF5: =AVERAGE(G5,H5) -> 0.021122162 | AG5: =_xlfn.RANK.EQ(AF5,$AF$2:$AF$9,0) -> 7 | AH5: =AG5-K5 -> 4 | AI5: =(F5-MIN($F$2:$F$9))/(MAX($F$2:$F$9)-MIN($F$2:$F$9)) -> 0.082850386 | AJ5: =AVERAGE(AI5,G5,I5) -> 0.2837229 | AK5: =_xlfn.RANK.EQ(AJ5,$AJ$2:$AJ$9,0) -> 4 | AL5: =AK5-K5 -> 1 | AM5: =ABS(AL5) -> 1
A6: Matapol | B6: =COUNTIF('Raw Data'!$C$30:$C$38,'Barangay Sumamry'!A6) -> 9 | C6: =SUM('Raw Data'!D30:D38) -> 19.81 | D6: =AVERAGE('Raw Data'!E30:E38) -> 80 | E6: 420.3 | F6: =(C6/E6) -> 0.047133 | G6: =(B6-MIN($B$2:$B$9))/(MAX($B$2:$B$9)-MIN($B$2:$B$9)) -> 0.13888889 | H6: =(C6-MIN($C$2:$C$9))/(MAX($C$2:$C$9)-MIN($C$2:$C$9)) -> 0.25334539 | I6: =(D6-MIN($D$2:$D$9))/(MAX($D$2:$D$9)-MIN($D$2:$D$9)) -> 1 | J6: =AVERAGE(G6:I6) -> 0.46407809 | K6: =_xlfn.RANK.EQ(J6,$J$2:$J$9,0) -> 2 | L6: =IF(J6<=0.2,"Low",IF(J6<=0.4,"Moderate",IF(J6<=0.6,"High","Very High"))) -> High | M6: =_xlfn.RANK.EQ(B6,$B$2:$B$9,0) -> 2 | N6: =K6-M6 -> 0 | O6: =ABS(N6) -> 0 | Q6: =0.5*G6+0.25*H6+0.25*I6 -> 0.38278079 | R6: =_xlfn.RANK.EQ(Q6,$Q$2:$Q$9,0) -> 2 | S6: =R6-K6 -> 0 | T6: =0.25*G6+0.5*H6+0.25*I6 -> 0.41139492 | U6: =_xlfn.RANK.EQ(T6,$T$2:$T$9,0) -> 2 | V6: =U6-K6 -> 0 | W6: =0.25*G6+0.25*H6+0.5*I6 -> 0.59805857 | X6: =_xlfn.RANK.EQ(W6,W6:W13,0) -> 2 | Y6: =X6-K6 -> 0 | Z6: =AVERAGE(H6:I6) -> 0.62667269 | AA6: =_xlfn.RANK.EQ(Z6,$Z$2:$Z$9,0) -> 2 | AB6: =AA6-K6 -> 0 | AC6: =AVERAGE(G6,I6) -> 0.56944444 | AD6: =_xlfn.RANK.EQ(AC6,$AC$2:$AC$9,0) -> 2 | AE6: =AD6-K6 -> 0 | AF6: =AVERAGE(G6,H6) -> 0.19611714 | AG6: =_xlfn.RANK.EQ(AF6,$AF$2:$AF$9,0) -> 2 | AH6: =AG6-K6 -> 0 | AI6: =(F6-MIN($F$2:$F$9))/(MAX($F$2:$F$9)-MIN($F$2:$F$9)) -> 0.36503833 | AJ6: =AVERAGE(AI6,G6,I6) -> 0.50130907 | AK6: =_xlfn.RANK.EQ(AJ6,$AJ$2:$AJ$9,0) -> 2 | AL6: =AK6-K6 -> 0 | AM6: =ABS(AL6) -> 0
A7: Poblacion | B7: =COUNTIF('Raw Data'!$C$39:$C$42,'Barangay Sumamry'!A7) -> 4 | C7: =SUM('Raw Data'!D39:D42) -> 6.3 | D7: =AVERAGE('Raw Data'!E39:E42) -> 52.5 | E7: 2051.75 | F7: =(C7/E7) -> 0.0030705495 | G7: =(B7-MIN($B$2:$B$9))/(MAX($B$2:$B$9)-MIN($B$2:$B$9)) -> 0 | H7: =(C7-MIN($C$2:$C$9))/(MAX($C$2:$C$9)-MIN($C$2:$C$9)) -> 0.0090415913 | I7: =(D7-MIN($D$2:$D$9))/(MAX($D$2:$D$9)-MIN($D$2:$D$9)) -> 0.55405405 | J7: =AVERAGE(G7:I7) -> 0.18769855 | K7: =_xlfn.RANK.EQ(J7,$J$2:$J$9,0) -> 6 | L7: =IF(J7<=0.2,"Low",IF(J7<=0.4,"Moderate",IF(J7<=0.6,"High","Very High"))) -> Low | M7: =_xlfn.RANK.EQ(B7,$B$2:$B$9,0) -> 8 | N7: =K7-M7 -> -2 | O7: =ABS(N7) -> 2 | Q7: =0.5*G7+0.25*H7+0.25*I7 -> 0.14077391 | R7: =_xlfn.RANK.EQ(Q7,$Q$2:$Q$9,0) -> 7 | S7: =R7-K7 -> 1 | T7: =0.25*G7+0.5*H7+0.25*I7 -> 0.14303431 | U7: =_xlfn.RANK.EQ(T7,$T$2:$T$9,0) -> 6 | V7: =U7-K7 -> 0 | W7: =0.25*G7+0.25*H7+0.5*I7 -> 0.27928742 | X7: =_xlfn.RANK.EQ(W7,W7:W14,0) -> 3 | Y7: =X7-K7 -> -3 | Z7: =AVERAGE(H7:I7) -> 0.28154782 | AA7: =_xlfn.RANK.EQ(Z7,$Z$2:$Z$9,0) -> 5 | AB7: =AA7-K7 -> -1 | AC7: =AVERAGE(G7,I7) -> 0.27702703 | AD7: =_xlfn.RANK.EQ(AC7,$AC$2:$AC$9,0) -> 5 | AE7: =AD7-K7 -> -1 | AF7: =AVERAGE(G7,H7) -> 0.0045207957 | AG7: =_xlfn.RANK.EQ(AF7,$AF$2:$AF$9,0) -> 8 | AH7: =AG7-K7 -> 2 | AI7: =(F7-MIN($F$2:$F$9))/(MAX($F$2:$F$9)-MIN($F$2:$F$9)) -> 0 | AJ7: =AVERAGE(AI7,G7,I7) -> 0.18468468 | AK7: =_xlfn.RANK.EQ(AJ7,$AJ$2:$AJ$9,0) -> 6 | AL7: =AK7-K7 -> 0 | AM7: =ABS(AL7) -> 0
A8: Puti | B8: =COUNTIF('Raw Data'!$C$43:$C$48,'Barangay Sumamry'!A8) -> 6 | C8: =SUM('Raw Data'!D43:D48) -> 7.63 | D8: =AVERAGE('Raw Data'!E43:E48) -> 58.333333 | E8: 464.14 | F8: =(C8/E8) -> 0.016439005 | G8: =(B8-MIN($B$2:$B$9))/(MAX($B$2:$B$9)-MIN($B$2:$B$9)) -> 0.055555556 | H8: =(C8-MIN($C$2:$C$9))/(MAX($C$2:$C$9)-MIN($C$2:$C$9)) -> 0.033092224 | I8: =(D8-MIN($D$2:$D$9))/(MAX($D$2:$D$9)-MIN($D$2:$D$9)) -> 0.64864865 | J8: =AVERAGE(G8:I8) -> 0.24576548 | K8: =_xlfn.RANK.EQ(J8,$J$2:$J$9,0) -> 4 | L8: =IF(J8<=0.2,"Low",IF(J8<=0.4,"Moderate",IF(J8<=0.6,"High","Very High"))) -> Moderate | M8: =_xlfn.RANK.EQ(B8,$B$2:$B$9,0) -> 5 | N8: =K8-M8 -> -1 | O8: =ABS(N8) -> 1 | Q8: =0.5*G8+0.25*H8+0.25*I8 -> 0.198213 | R8: =_xlfn.RANK.EQ(Q8,$Q$2:$Q$9,0) -> 4 | S8: =R8-K8 -> 0 | T8: =0.25*G8+0.5*H8+0.25*I8 -> 0.19259716 | U8: =_xlfn.RANK.EQ(T8,$T$2:$T$9,0) -> 4 | V8: =U8-K8 -> 0 | W8: =0.25*G8+0.25*H8+0.5*I8 -> 0.34648627 | X8: =_xlfn.RANK.EQ(W8,W8:W15,0) -> 2 | Y8: =X8-K8 -> -2 | Z8: =AVERAGE(H8:I8) -> 0.34087044 | AA8: =_xlfn.RANK.EQ(Z8,$Z$2:$Z$9,0) -> 4 | AB8: =AA8-K8 -> 0 | AC8: =AVERAGE(G8,I8) -> 0.3521021 | AD8: =_xlfn.RANK.EQ(AC8,$AC$2:$AC$9,0) -> 4 | AE8: =AD8-K8 -> 0 | AF8: =AVERAGE(G8,H8) -> 0.04432389 | AG8: =_xlfn.RANK.EQ(AF8,$AF$2:$AF$9,0) -> 5 | AH8: =AG8-K8 -> 1 | AI8: =(F8-MIN($F$2:$F$9))/(MAX($F$2:$F$9)-MIN($F$2:$F$9)) -> 0.11075187 | AJ8: =AVERAGE(AI8,G8,I8) -> 0.27165202 | AK8: =_xlfn.RANK.EQ(AJ8,$AJ$2:$AJ$9,0) -> 5 | AL8: =AK8-K8 -> 1 | AM8: =ABS(AL8) -> 1
A9: Simsiman | B9: =COUNTIF('Raw Data'!$C$49:$C$88,'Barangay Sumamry'!A9) -> 40 | C9: =SUM('Raw Data'!D49:D88) -> 61.1 | D9: =AVERAGE('Raw Data'!E49:E88) -> 51.625 | E9: 493.63 | F9: =(C9/E9) -> 0.12377692 | G9: =(B9-MIN($B$2:$B$9))/(MAX($B$2:$B$9)-MIN($B$2:$B$9)) -> 1 | H9: =(C9-MIN($C$2:$C$9))/(MAX($C$2:$C$9)-MIN($C$2:$C$9)) -> 1 | I9: =(D9-MIN($D$2:$D$9))/(MAX($D$2:$D$9)-MIN($D$2:$D$9)) -> 0.53986486 | J9: =AVERAGE(G9:I9) -> 0.84662162 | K9: =_xlfn.RANK.EQ(J9,$J$2:$J$9,0) -> 1 | L9: =IF(J9<=0.2,"Low",IF(J9<=0.4,"Moderate",IF(J9<=0.6,"High","Very High"))) -> Very High | M9: =_xlfn.RANK.EQ(B9,$B$2:$B$9,0) -> 1 | N9: =K9-M9 -> 0 | O9: =ABS(N9) -> 0 | Q9: =0.5*G9+0.25*H9+0.25*I9 -> 0.88496622 | R9: =_xlfn.RANK.EQ(Q9,$Q$2:$Q$9,0) -> 1 | S9: =R9-K9 -> 0 | T9: =0.25*G9+0.5*H9+0.25*I9 -> 0.88496622 | U9: =_xlfn.RANK.EQ(T9,$T$2:$T$9,0) -> 1 | V9: =U9-K9 -> 0 | W9: =0.25*G9+0.25*H9+0.5*I9 -> 0.76993243 | X9: =_xlfn.RANK.EQ(W9,W9:W16,0) -> 1 | Y9: =X9-K9 -> 0 | Z9: =AVERAGE(H9:I9) -> 0.76993243 | AA9: =_xlfn.RANK.EQ(Z9,$Z$2:$Z$9,0) -> 1 | AB9: =AA9-K9 -> 0 | AC9: =AVERAGE(G9,I9) -> 0.76993243 | AD9: =_xlfn.RANK.EQ(AC9,$AC$2:$AC$9,0) -> 1 | AE9: =AD9-K9 -> 0 | AF9: =AVERAGE(G9,H9) -> 1 | AG9: =_xlfn.RANK.EQ(AF9,$AF$2:$AF$9,0) -> 1 | AH9: =AG9-K9 -> 0 | AI9: =(F9-MIN($F$2:$F$9))/(MAX($F$2:$F$9)-MIN($F$2:$F$9)) -> 1 | AJ9: =AVERAGE(AI9,G9,I9) -> 0.84662162 | AK9: =_xlfn.RANK.EQ(AJ9,$AJ$2:$AJ$9,0) -> 1 | AL9: =AK9-K9 -> 0 | AM9: =ABS(AL9) -> 0
B10: =SUM(B2:B9) -> 87

Sheet Normalized Indicators
A1: Barangay | B1: Normalized Frequency | C1: Normalized Affected Area | D1: Normalized damage | E1: IPI
A2: BS Aquino | B2: 0.11111111 | C2: 0.15370705 | D2: 0.32094595 | E2: 0.1952547
A3: Esperanza | B3: 0.055555556 | C3: 0 | D3: 0 | E3: 0.018518519
A4: Kibid | B4: 0.13888889 | C4: 0.072875226 | D4: 0.24324324 | E4: 0.15166912
A5: Lapuz | B5: 0.027777778 | C5: 0.014466546 | D5: 0.74054054 | E5: 0.26092829
A6: Matapol | B6: 0.13888889 | C6: 0.25334539 | D6: 1 | E6: 0.46407809
A7: Poblacion | B7: 0 | C7: 0.0090415913 | D7: 0.55405405 | E7: 0.18769855
A8: Puti | B8: 0.055555556 | C8: 0.033092224 | D8: 0.64864865 | E8: 0.24576548
A9: Simsiman | B9: 1 | C9: 1 | D9: 0.53986486 | E9: 0.84662162

Sheet Primary IPI
A1: Barangay | B1: IPI Score | C1: Primary rank | D1: Priority classification
A2: Simsiman | B2: 0.84662162 | C2: 1 | D2: Very High
A3: Matapol | B3: 0.46407809 | C3: 2 | D3: High
A4: Lapuz | B4: 0.26092829 | C4: 3 | D4: Moderate
A5: Puti | B5: 0.24576548 | C5: 4 | D5: Moderate
A6: BS Aquino | B6: 0.1952547 | C6: 5 | D6: Low
A7: Poblacion | B7: 0.18769855 | C7: 6 | D7: Low
A8: Kibid | B8: 0.15166912 | C8: 7 | D8: Low
A9: Esperanza | B9: 0.018518519 | C9: 8 | D9: Low

Sheet Frequency Only
A1: Barangay | B1: Frequency Rank | C1: IPI Rank | D1: Rank Change | E1: Abs Rank Change | F1: Spearman's rho
A2: BS Aquino | B2: 4 | C2: 5 | D2: 1 | E2: 1 | F2: 0.3509312
A3: Esperanza | B3: 5 | C3: 8 | D3: 3 | E3: 3
A4: Kibid | B4: 2 | C4: 7 | D4: 5 | E4: 5
A5: Lapuz | B5: 7 | C5: 3 | D5: -4 | E5: 4
A6: Matapol | B6: 2 | C6: 2 | D6: 0 | E6: 0
A7: Poblacion | B7: 8 | C7: 6 | D7: -2 | E7: 2
A8: Puti | B8: 5 | C8: 4 | D8: -1 | E8: 1
A9: Simsiman | B9: 1 | C9: 1 | D9: 0 | E9: 0

Sheet Weight Sensitivity
A1: Barangay | B1: Frequency emphasis Scenario | C1: Rank | D1: Rank Change | E1: Area-emphasis Scenario | F1: Rank | G1: Rank Change | H1: Damage-emphasis scenario | I1: Rank | J1: Rank Change
A2: BS Aquino | B2: 0.17421881 | C2: 5 | D2: 0 | E2: 0.18486779 | F2: 5 | G2: 0 | H2: 0.22667751 | I2: 6 | J2: 1
A3: Esperanza | B3: 0.027777778 | C3: 8 | D3: 0 | E3: 0.013888889 | F3: 8 | G3: 0 | H3: 0.013888889 | I3: 7 | J3: -1
A4: Kibid | B4: 0.14847406 | C4: 6 | D4: -1 | E4: 0.13197065 | F4: 7 | G4: 0 | H4: 0.17456265 | I4: 6 | J4: -1
A5: Lapuz | B5: 0.20264066 | C5: 3 | D5: 0 | E5: 0.19931285 | F5: 3 | G5: 0 | H5: 0.38083135 | I5: 3 | J5: 0
A6: Matapol | B6: 0.38278079 | C6: 2 | D6: 0 | E6: 0.41139492 | F6: 2 | G6: 0 | H6: 0.59805857 | I6: 2 | J6: 0
A7: Poblacion | B7: 0.14077391 | C7: 7 | D7: 1 | E7: 0.14303431 | F7: 6 | G7: 0 | H7: 0.27928742 | I7: 3 | J7: -3
A8: Puti | B8: 0.198213 | C8: 4 | D8: 0 | E8: 0.19259716 | F8: 4 | G8: 0 | H8: 0.34648627 | I8: 2 | J8: -2
A9: Simsiman | B9: 0.88496622 | C9: 1 | D9: 0 | E9: 0.88496622 | F9: 1 | G9: 0 | H9: 0.76993243 | I9: 1 | J9: 0

Sheet Ablation Analysis
A1: Barangay | B1: Primary IPI | C1: Primary Rank | D1: Without frequency | E1: Rank | F1: RC | G1: Without affected area | H1: Rank | I1: RC | J1: Without damage | K1: Rank | L1: RC
A2: BS Aquino | B2: 0.1952547 | C2: 5 | D2: 0.2373265 | E2: 6 | F2: 1 | G2: 0.21602853 | H2: 6 | I2: 1 | J2: 0.13240908 | K2: 3 | L2: -2
A3: Esperanza | B3: 0.018518519 | C3: 8 | D3: 0 | E3: 8 | F3: 0 | G3: 0.027777778 | H3: 8 | I3: 0 | J3: 0.027777778 | K3: 6 | L3: -2
A4: Kibid | B4: 0.15166912 | C4: 7 | D4: 0.15805923 | E4: 7 | F4: 0 | G4: 0.19106607 | H4: 7 | I4: 0 | J4: 0.10588206 | K4: 4 | L4: -3
A5: Lapuz | B5: 0.26092829 | C5: 3 | D5: 0.37750354 | E5: 3 | F5: 0 | G5: 0.38415916 | H5: 3 | I5: 0 | J5: 0.021122162 | K5: 7 | L5: 4
A6: Matapol | B6: 0.46407809 | C6: 2 | D6: 0.62667269 | E6: 2 | F6: 0 | G6: 0.56944444 | H6: 2 | I6: 0 | J6: 0.19611714 | K6: 2 | L6: 0
A7: Poblacion | B7: 0.18769855 | C7: 6 | D7: 0.28154782 | E7: 5 | F7: -1 | G7: 0.27702703 | H7: 5 | I7: -1 | J7: 0.0045207957 | K7: 8 | L7: 2
A8: Puti | B8: 0.24576548 | C8: 4 | D8: 0.34087044 | E8: 4 | F8: 0 | G8: 0.3521021 | H8: 4 | I8: 0 | J8: 0.04432389 | K8: 5 | L8: 1
A9: Simsiman | B9: 0.84662162 | C9: 1 | D9: 0.76993243 | E9: 1 | F9: 0 | G9: 0.76993243 | H9: 1 | I9: 0 | J9: 1 | K9: 1 | L9: 0

Sheet Area-Ratio Sensitivity
A1: Barangay | B1: Primary IPI | C1: Primary Rank | D1: Ratio Based IPI | E1: Ratio Based Rank | F1: Rank Change | G1: Absolute rank change
A2: BS Aquino | B2: 0.1952547 | C2: 5 | D2: 0.2882102 | E2: 3 | F2: -2 | G2: 2
A3: Esperanza | B3: 0.018518519 | C3: 8 | D3: 0.041035043 | E3: 8 | F3: 0 | G3: 0
A4: Kibid | B4: 0.15166912 | C4: 7 | D4: 0.18047256 | E4: 7 | F4: 0 | G4: 0
A5: Lapuz | B5: 0.26092829 | C5: 3 | D5: 0.2837229 | E5: 4 | F5: 1 | G5: 1
A6: Matapol | B6: 0.46407809 | C6: 2 | D6: 0.50130907 | E6: 2 | F6: 0 | G6: 0
A7: Poblacion | B7: 0.18769855 | C7: 6 | D7: 0.18468468 | E7: 6 | F7: 0 | G7: 0
A8: Puti | B8: 0.24576548 | C8: 4 | D8: 0.27165202 | E8: 5 | F8: 1 | G8: 1
A9: Simsiman | B9: 0.84662162 | C9: 1 | D9: 0.84662162 | E9: 1 | F9: 0 | G9: 0

Sheet Overall Robustness 
A1: Barangay | B1: IPI Rank | C1: Frequency Emphasis Rank | D1: Rank Change | E1: Absolute Rank Change | F1: Area Emphasis Rank | G1: Rank Change | H1: Absolute Rank Change | I1: Damage Emphasis Rank | J1: Rank Change | K1: Absolute Rank Change | L1: Without frequency Rank | M1: Rank Change | N1: Absolute Rank Change | O1: Without affected area Rank | P1: Rank Change | Q1: Absolute Rank Change | R1: Without damage Rank | S1: Rank Change | T1: Absolute Rank Change | U1: Area-ratio alternative Rank | V1: Rank Change | W1: Absolute Rank Change
A2: BS Aquino | B2: 5 | C2: 5 | D2: 0 | E2: =ABS(D2) -> 0 | F2: 5 | G2: 0 | H2: =ABS(G2) -> 0 | I2: 6 | J2: 1 | K2: =ABS(J2) -> 1 | L2: 6 | M2: 1 | N2: =ABS(M2) -> 1 | O2: 6 | P2: 1 | Q2: =ABS(P2) -> 1 | R2: 3 | S2: -2 | T2: =ABS(S2) -> 2 | U2: 4 | V2: -1 | W2: =ABS(V2) -> 1
A3: Esperanza | B3: 8 | C3: 8 | D3: 0 | E3: =ABS(D3) -> 0 | F3: 8 | G3: 0 | H3: =ABS(G3) -> 0 | I3: 7 | J3: -1 | K3: =ABS(J3) -> 1 | L3: 8 | M3: 0 | N3: =ABS(M3) -> 0 | O3: 8 | P3: 0 | Q3: =ABS(P3) -> 0 | R3: 6 | S3: -2 | T3: =ABS(S3) -> 2 | U3: 8 | V3: 0 | W3: =ABS(V3) -> 0
A4: Kibid | B4: 7 | C4: 6 | D4: -1 | E4: =ABS(D4) -> 1 | F4: 7 | G4: 0 | H4: =ABS(G4) -> 0 | I4: 6 | J4: -1 | K4: =ABS(J4) -> 1 | L4: 7 | M4: 0 | N4: =ABS(M4) -> 0 | O4: 7 | P4: 0 | Q4: =ABS(P4) -> 0 | R4: 4 | S4: -3 | T4: =ABS(S4) -> 3 | U4: 7 | V4: 0 | W4: =ABS(V4) -> 0
A5: Lapuz | B5: 3 | C5: 3 | D5: 0 | E5: =ABS(D5) -> 0 | F5: 3 | G5: 0 | H5: =ABS(G5) -> 0 | I5: 3 | J5: 0 | K5: =ABS(J5) -> 0 | L5: 3 | M5: 0 | N5: =ABS(M5) -> 0 | O5: 3 | P5: 0 | Q5: =ABS(P5) -> 0 | R5: 7 | S5: 4 | T5: =ABS(S5) -> 4 | U5: 3 | V5: 0 | W5: =ABS(V5) -> 0
A6: Matapol | B6: 2 | C6: 2 | D6: 0 | E6: =ABS(D6) -> 0 | F6: 2 | G6: 0 | H6: =ABS(G6) -> 0 | I6: 2 | J6: 0 | K6: =ABS(J6) -> 0 | L6: 2 | M6: 0 | N6: =ABS(M6) -> 0 | O6: 2 | P6: 0 | Q6: =ABS(P6) -> 0 | R6: 2 | S6: 0 | T6: =ABS(S6) -> 0 | U6: 2 | V6: 0 | W6: =ABS(V6) -> 0
A7: Poblacion | B7: 6 | C7: 7 | D7: 1 | E7: =ABS(D7) -> 1 | F7: 6 | G7: 0 | H7: =ABS(G7) -> 0 | I7: 3 | J7: -3 | K7: =ABS(J7) -> 3 | L7: 5 | M7: -1 | N7: =ABS(M7) -> 1 | O7: 5 | P7: -1 | Q7: =ABS(P7) -> 1 | R7: 8 | S7: 2 | T7: =ABS(S7) -> 2 | U7: 6 | V7: 0 | W7: =ABS(V7) -> 0
A8: Puti | B8: 4 | C8: 4 | D8: 0 | E8: =ABS(D8) -> 0 | F8: 4 | G8: 0 | H8: =ABS(G8) -> 0 | I8: 2 | J8: -2 | K8: =ABS(J8) -> 2 | L8: 4 | M8: 0 | N8: =ABS(M8) -> 0 | O8: 4 | P8: 0 | Q8: =ABS(P8) -> 0 | R8: 5 | S8: 1 | T8: =ABS(S8) -> 1 | U8: 5 | V8: 1 | W8: =ABS(V8) -> 1
A9: Simsiman | B9: 1 | C9: 1 | D9: 0 | E9: =ABS(D9) -> 0 | F9: 1 | G9: 0 | H9: =ABS(G9) -> 0 | I9: 1 | J9: 0 | K9: =ABS(J9) -> 0 | L9: 1 | M9: 0 | N9: =ABS(M9) -> 0 | O9: 1 | P9: 0 | Q9: =ABS(P9) -> 0 | R9: 1 | S9: 0 | T9: =ABS(S9) -> 0 | U9: 1 | V9: 0 | W9: =ABS(V9) -> 0
B13: Spearman's rho | C13: Mean ARC | D13: Maximum ARC
A14: Frequency emphasis | B14: =CORREL($B$2:$B$9,$C$2:$C$9) -> 0.97619048 | C14: =SUMPRODUCT(E2:E9)/COUNT(E2:E9) -> 0.25 | D14: =MAX(E2:E9) -> 1
A15: Area emphasis | B15: =CORREL($B$2:$B$9,$F$2:$F$9) -> 1 | C15: =SUMPRODUCT(H2:H9)/COUNT(H2:H9) -> 0 | D15: =MAX(H2:H9) -> 0
A16: Damage emphasis | B16: =CORREL($B$2:$B$9,$I$2:$I$9) -> 0.85462407 | C16: =SUMPRODUCT(K2:K9)/COUNT(K2:K9) -> 1 | D16: =MAX(K2:K9) -> 3
A17: Without affected area | B17: =CORREL($B$2:$B$9,$O$2:$O$9) -> 0.97619048 | C17: =SUMPRODUCT(Q2:Q9)/COUNT(Q2:Q9) -> 0.25 | D17: =MAX(Q2:Q9) -> 1
A18: Without damage | B18: =CORREL($B$2:$B$9,$R$2:$R$9) -> 0.54761905 | C18: =SUMPRODUCT(T2:T9)/COUNT(T2:T9) -> 1.75 | D18: =MAX(T2:T9) -> 4
A19: Area-ratio alternative | B19: =CORREL(B2:B9,U2:U9) -> 0.97619048 | C19: =SUMPRODUCT(W2:W9)/COUNT(W2:W9) -> 0.25 | D19: =MAX(W2:W9) -> 1

Sheet Instrument Validation
B1: Validation criterion | C1: School Administrator | D1: Educator (PhD) | E1: Licensed Agriculturist | F1: Mean | G1: SD | H1: Verbal interpretation
A2: 1 | B2: The direction of the instrument is easy to understand | C2: 4 | D2: 4 | E2: 4 | F2: =AVERAGE(C2:E2) -> 4 | G2: =_xlfn.STDEV.S(C2:E2) -> 0 | H2: Highly Valid
A3: 2 | B3: The concepts, vocabulary, and structure are suitable to the level of the respondents. | C3: 5 | D3: 5 | E3: 4 | F3: =AVERAGE(C3:E3) -> 4.6666667 | G3: =_xlfn.STDEV.S(C3:E3) -> 0.57735027 | H3: Very Highly Valid
A4: 3 | B4: The items are appropriate to the variables of the study since it measures what intends to measure. | C4: 5 | D4: 5 | E4: 5 | F4: =AVERAGE(C4:E4) -> 5 | G4: =_xlfn.STDEV.S(C4:E4) -> 0 | H4: Very Highly Valid
A5: 4 | B5: Each item is appropriate to the variables of the study since it measures what it tends to measure. | C5: 5 | D5: 5 | E5: 5 | F5: =AVERAGE(C5:E5) -> 5 | G5: =_xlfn.STDEV.S(C5:E5) -> 0 | H5: Very Highly Valid
A6: 5 | B6: The number of items is adequate to represent the coverage of the research or study. | C6: 4 | D6: 5 | E6: 5 | F6: =AVERAGE(C6:E6) -> 4.6666667 | G6: =_xlfn.STDEV.S(C6:E6) -> 0.57735027 | H6: Very Highly Valid
A7: 6 | B7: The items and ideas presented are organized logically. | C7: 4 | D7: 5 | E7: 5 | F7: =AVERAGE(C7:E7) -> 4.6666667 | G7: =_xlfn.STDEV.S(C7:E7) -> 0.57735027 | H7: Very Highly Valid
A8: 7 | B8: The instrument can be used as a tool for gathering data that is free from biases and subjectivity. | C8: 5 | D8: 5 | E8: 4 | F8: =AVERAGE(C8:E8) -> 4.6666667 | G8: =_xlfn.STDEV.S(C8:E8) -> 0.57735027 | H8: Very Highly Valid
A9: 8 | B9: The instrument can be used as a tool to generate comprehensive information within the given time frame. | C9: 5 | D9: 5 | E9: 5 | F9: =AVERAGE(C9:E9) -> 5 | G9: =_xlfn.STDEV.S(C9:E9) -> 0 | H9: Very Highly Valid
A10: 9 | B10: The instrument can be used as a tool to generate data that are of value to the given research topic. | C10: 5 | D10: 5 | E10: 5 | F10: =AVERAGE(C10:E10) -> 5 | G10: =_xlfn.STDEV.S(C10:E10) -> 0 | H10: Very Highly Valid
A11: 10 | B11: In general, the instrument serves the purpose for which it is constructed. | C11: 4 | D11: 4 | E11: 4 | F11: =AVERAGE(C11:E11) -> 4 | G11: =_xlfn.STDEV.S(C11:E11) -> 0 | H11: Highly Valid
B12: Overall validation result | C12: =AVERAGE(C2:C11) -> 4.6 | D12: =AVERAGE(D2:D11) -> 4.8 | E12: =AVERAGE(E2:E11) -> 4.6 | F12: =AVERAGE(F2:F11) -> 4.6666667 | H12: Very Highly Valid

Sheet Reliability
B1: FUNCTIONALITY | G1: USABILITY | L1: RELIABILITY | Q1: PERFORMANCE EFFICIENCY | V1: USER INTERFACE DESIGN
A2: Respondents | B2: 1 | C2: 2 | D2: 3 | E2: 4 | F2: 5 | G2: 6 | H2: 7 | I2: 8 | J2: 9 | K2: 10 | L2: 11 | M2: 12 | N2: 13 | O2: 14 | P2: 15 | Q2: 16 | R2: 17 | S2: 18 | T2: 19 | U2: 20 | V2: 21 | W2: 22 | X2: 23 | Y2: 24 | Z2: 25 | AA2: Functionality | AB2: Usability | AC2: Reliability | AD2: PE | AE2: UI Design | AF2: Total
A3: 1 | B3: 3 | C3: 4 | D3: 4 | E3: 4 | F3: 4 | G3: 4 | H3: 4 | I3: 4 | J3: 4 | K3: 4 | L3: 4 | M3: 4 | N3: 4 | O3: 4 | P3: 4 | Q3: 4 | R3: 4 | S3: 4 | T3: 4 | U3: 4 | V3: 4 | W3: 4 | X3: 4 | Y3: 4 | Z3: 4 | AA3: =SUM(B3:F3) -> 19 | AB3: =SUM(G3:K3) -> 20 | AC3: =SUM(L3:P3) -> 20 | AD3: =SUM(Q3:U3) -> 20 | AE3: =SUM(V3:Z3) -> 20 | AF3: =SUM(B3:Z3) -> 99
A4: 2 | B4: 4 | C4: 4 | D4: 4 | E4: 5 | F4: 5 | G4: 5 | H4: 4 | I4: 5 | J4: 5 | K4: 5 | L4: 4 | M4: 5 | N4: 5 | O4: 4 | P4: 5 | Q4: 4 | R4: 4 | S4: 4 | T4: 5 | U4: 5 | V4: 4 | W4: 4 | X4: 5 | Y4: 4 | Z4: 5 | AA4: =SUM(B4:F4) -> 22 | AB4: =SUM(G4:K4) -> 24 | AC4: =SUM(L4:P4) -> 23 | AD4: =SUM(Q4:U4) -> 22 | AE4: =SUM(V4:Z4) -> 22 | AF4: =SUM(B4:Z4) -> 113
A5: 3 | B5: 4 | C5: 4 | D5: 4 | E5: 4 | F5: 4 | G5: 4 | H5: 4 | I5: 4 | J5: 4 | K5: 4 | L5: 4 | M5: 4 | N5: 4 | O5: 4 | P5: 4 | Q5: 4 | R5: 4 | S5: 4 | T5: 4 | U5: 4 | V5: 4 | W5: 4 | X5: 4 | Y5: 4 | Z5: 4 | AA5: =SUM(B5:F5) -> 20 | AB5: =SUM(G5:K5) -> 20 | AC5: =SUM(L5:P5) -> 20 | AD5: =SUM(Q5:U5) -> 20 | AE5: =SUM(V5:Z5) -> 20 | AF5: =SUM(B5:Z5) -> 100
A6: 4 | B6: 2 | C6: 2 | D6: 2 | E6: 2 | F6: 2 | G6: 2 | H6: 2 | I6: 2 | J6: 1 | K6: 2 | L6: 3 | M6: 3 | N6: 3 | O6: 3 | P6: 2 | Q6: 3 | R6: 3 | S6: 3 | T6: 3 | U6: 3 | V6: 2 | W6: 3 | X6: 3 | Y6: 3 | Z6: 3 | AA6: =SUM(B6:F6) -> 10 | AB6: =SUM(G6:K6) -> 9 | AC6: =SUM(L6:P6) -> 14 | AD6: =SUM(Q6:U6) -> 15 | AE6: =SUM(V6:Z6) -> 14 | AF6: =SUM(B6:Z6) -> 62
A7: 5 | B7: 3 | C7: 3 | D7: 4 | E7: 4 | F7: 4 | G7: 4 | H7: 4 | I7: 4 | J7: 4 | K7: 3 | L7: 4 | M7: 4 | N7: 4 | O7: 4 | P7: 4 | Q7: 3 | R7: 4 | S7: 3 | T7: 3 | U7: 4 | V7: 4 | W7: 4 | X7: 4 | Y7: 4 | Z7: 4 | AA7: =SUM(B7:F7) -> 18 | AB7: =SUM(G7:K7) -> 19 | AC7: =SUM(L7:P7) -> 20 | AD7: =SUM(Q7:U7) -> 17 | AE7: =SUM(V7:Z7) -> 20 | AF7: =SUM(B7:Z7) -> 94
A8: 6 | B8: 4 | C8: 4 | D8: 5 | E8: 5 | F8: 5 | G8: 5 | H8: 5 | I8: 5 | J8: 5 | K8: 5 | L8: 5 | M8: 5 | N8: 5 | O8: 5 | P8: 5 | Q8: 4 | R8: 5 | S8: 4 | T8: 4 | U8: 5 | V8: 5 | W8: 5 | X8: 5 | Y8: 5 | Z8: 5 | AA8: =SUM(B8:F8) -> 23 | AB8: =SUM(G8:K8) -> 25 | AC8: =SUM(L8:P8) -> 25 | AD8: =SUM(Q8:U8) -> 22 | AE8: =SUM(V8:Z8) -> 25 | AF8: =SUM(B8:Z8) -> 120
A9: 7 | B9: 4 | D9: 4 | E9: 4 | F9: 5 | G9: 4 | H9: 5 | I9: 4 | J9: 5 | K9: 5 | L9: 4 | M9: 4 | N9: 5 | O9: 4 | P9: 4 | Q9: 5 | R9: 5 | S9: 4 | T9: 5 | U9: 5 | V9: 5 | W9: 4 | X9: 5 | Y9: 4 | Z9: 4 | AA9: =SUM(B9:F9) -> 17 | AB9: =SUM(G9:K9) -> 23 | AC9: =SUM(L9:P9) -> 21 | AD9: =SUM(Q9:U9) -> 24 | AE9: =SUM(V9:Z9) -> 22 | AF9: =SUM(B9:Z9) -> 107
A10: 8 | B10: 3 | C10: 3 | D10: 4 | E10: 4 | F10: 4 | G10: 4 | H10: 4 | I10: 4 | J10: 4 | K10: 4 | L10: 5 | M10: 4 | N10: 4 | O10: 4 | P10: 5 | Q10: 5 | R10: 5 | S10: 4 | T10: 3 | U10: 4 | V10: 3 | W10: 4 | X10: 5 | Y10: 5 | Z10: 4 | AA10: =SUM(B10:F10) -> 18 | AB10: =SUM(G10:K10) -> 20 | AC10: =SUM(L10:P10) -> 22 | AD10: =SUM(Q10:U10) -> 21 | AE10: =SUM(V10:Z10) -> 21 | AF10: =SUM(B10:Z10) -> 102
A11: 9 | B11: 5 | C11: 5 | D11: 5 | E11: 5 | F11: 4 | G11: 5 | H11: 5 | I11: 5 | J11: 4 | K11: 5 | L11: 4 | M11: 4 | N11: 5 | O11: 4 | P11: 4 | Q11: 4 | R11: 5 | S11: 4 | T11: 4 | U11: 4 | V11: 4 | W11: 4 | X11: 4 | Y11: 4 | Z11: 4 | AA11: =SUM(B11:F11) -> 24 | AB11: =SUM(G11:K11) -> 24 | AC11: =SUM(L11:P11) -> 21 | AD11: =SUM(Q11:U11) -> 21 | AE11: =SUM(V11:Z11) -> 20 | AF11: =SUM(B11:Z11) -> 110
A12: 10 | B12: 4 | C12: 4 | D12: 4 | E12: 4 | F12: 4 | G12: 4 | H12: 4 | I12: 4 | J12: 4 | K12: 4 | L12: 4 | M12: 4 | N12: 4 | O12: 4 | P12: 4 | Q12: 4 | R12: 4 | S12: 4 | T12: 4 | U12: 4 | V12: 4 | W12: 4 | X12: 4 | Y12: 4 | Z12: 4 | AA12: =SUM(B12:F12) -> 20 | AB12: =SUM(G12:K12) -> 20 | AC12: =SUM(L12:P12) -> 20 | AD12: =SUM(Q12:U12) -> 20 | AE12: =SUM(V12:Z12) -> 20 | AF12: =SUM(B12:Z12) -> 100
A13: 11 | B13: 5 | C13: 5 | D13: 4 | E13: 5 | F13: 4 | G13: 4 | H13: 4 | I13: 5 | J13: 5 | K13: 5 | L13: 5 | M13: 5 | N13: 5 | O13: 5 | P13: 4 | R13: 5 | S13: 5 | T13: 5 | U13: 5 | V13: 5 | W13: 5 | X13: 5 | Y13: 4 | Z13: 5 | AA13: =SUM(B13:F13) -> 23 | AB13: =SUM(G13:K13) -> 23 | AC13: =SUM(L13:P13) -> 24 | AD13: =SUM(Q13:U13) -> 20 | AE13: =SUM(V13:Z13) -> 24 | AF13: =SUM(B13:Z13) -> 114
A14: 12 | B14: 5 | C14: 5 | D14: 5 | E14: 5 | F14: 4 | G14: 5 | H14: 5 | I14: 5 | J14: 5 | K14: 4 | L14: 4 | M14: 5 | N14: 4 | O14: 4 | P14: 4 | Q14: 5 | R14: 5 | S14: 5 | T14: 5 | U14: 4 | V14: 5 | W14: 5 | X14: 4 | Y14: 4 | Z14: 4 | AA14: =SUM(B14:F14) -> 24 | AB14: =SUM(G14:K14) -> 24 | AC14: =SUM(L14:P14) -> 21 | AD14: =SUM(Q14:U14) -> 24 | AE14: =SUM(V14:Z14) -> 22 | AF14: =SUM(B14:Z14) -> 115
A15: 13 | B15: 4 | C15: 4 | D15: 5 | E15: 4 | F15: 5 | G15: 4 | H15: 4 | I15: 4 | J15: 4 | K15: 5 | L15: 4 | M15: 5 | N15: 4 | O15: 5 | P15: 5 | Q15: 5 | R15: 5 | S15: 5 | T15: 4 | U15: 5 | V15: 4 | W15: 5 | X15: 4 | Y15: 4 | Z15: 5 | AA15: =SUM(B15:F15) -> 22 | AB15: =SUM(G15:K15) -> 21 | AC15: =SUM(L15:P15) -> 23 | AD15: =SUM(Q15:U15) -> 24 | AE15: =SUM(V15:Z15) -> 22 | AF15: =SUM(B15:Z15) -> 112
A16: 14 | B16: 3 | C16: 5 | D16: 5 | E16: 5 | F16: 4 | G16: 5 | H16: 4 | I16: 4 | J16: 4 | K16: 5 | L16: 5 | M16: 5 | N16: 4 | O16: 4 | P16: 5 | Q16: 4 | R16: 5 | S16: 4 | T16: 5 | U16: 5 | V16: 5 | W16: 4 | X16: 5 | Y16: 5 | Z16: 4 | AA16: =SUM(B16:F16) -> 22 | AB16: =SUM(G16:K16) -> 22 | AC16: =SUM(L16:P16) -> 23 | AD16: =SUM(Q16:U16) -> 23 | AE16: =SUM(V16:Z16) -> 23 | AF16: =SUM(B16:Z16) -> 113
A17: 15 | B17: 3 | C17: 2 | D17: 3 | E17: 3 | F17: 4 | G17: 4 | H17: 3 | I17: 4 | J17: 2 | K17: 3 | L17: 3 | M17: 3 | N17: 3 | O17: 3 | P17: 3 | Q17: 3 | R17: 3 | S17: 4 | T17: 2 | U17: 3 | V17: 2 | W17: 3 | X17: 3 | Y17: 2 | Z17: 3 | AA17: =SUM(B17:F17) -> 15 | AB17: =SUM(G17:K17) -> 16 | AC17: =SUM(L17:P17) -> 15 | AD17: =SUM(Q17:U17) -> 15 | AE17: =SUM(V17:Z17) -> 13 | AF17: =SUM(B17:Z17) -> 74
A18: 16 | B18: 3 | C18: 4 | D18: 4 | E18: 3 | F18: 4 | G18: 4 | H18: 4 | I18: 4 | J18: 5 | K18: 4 | L18: 5 | M18: 5 | N18: 5 | O18: 5 | P18: 5 | Q18: 5 | R18: 5 | S18: 5 | T18: 5 | U18: 5 | V18: 5 | W18: 5 | X18: 5 | Y18: 5 | Z18: 5 | AA18: =SUM(B18:F18) -> 18 | AB18: =SUM(G18:K18) -> 21 | AC18: =SUM(L18:P18) -> 25 | AD18: =SUM(Q18:U18) -> 25 | AE18: =SUM(V18:Z18) -> 25 | AF18: =SUM(B18:Z18) -> 114
A19: 17 | B19: 5 | C19: 5 | D19: 4 | E19: 5 | F19: 5 | G19: 5 | H19: 5 | I19: 5 | J19: 5 | K19: 5 | L19: 4 | M19: 5 | N19: 4 | O19: 5 | P19: 5 | Q19: 5 | R19: 5 | S19: 5 | T19: 5 | U19: 5 | V19: 5 | W19: 5 | X19: 5 | Y19: 5 | Z19: 5 | AA19: =SUM(B19:F19) -> 24 | AB19: =SUM(G19:K19) -> 25 | AC19: =SUM(L19:P19) -> 23 | AD19: =SUM(Q19:U19) -> 25 | AE19: =SUM(V19:Z19) -> 25 | AF19: =SUM(B19:Z19) -> 122
A20: 18 | B20: 3 | C20: 3 | D20: 4 | E20: 3 | F20: 3 | G20: 4 | H20: 4 | I20: 5 | J20: 4 | K20: 3 | L20: 5 | M20: 5 | N20: 5 | O20: 5 | P20: 4 | Q20: 5 | R20: 5 | S20: 4 | T20: 4 | U20: 4 | V20: 5 | W20: 5 | X20: 4 | Y20: 4 | Z20: 4 | AA20: =SUM(B20:F20) -> 16 | AB20: =SUM(G20:K20) -> 20 | AC20: =SUM(L20:P20) -> 24 | AD20: =SUM(Q20:U20) -> 22 | AE20: =SUM(V20:Z20) -> 22 | AF20: =SUM(B20:Z20) -> 104
A21: 19 | B21: 4 | C21: 3 | D21: 3 | E21: 4 | F21: 3 | G21: 4 | H21: 4 | I21: 4 | J21: 4 | K21: 3 | L21: 4 | M21: 4 | N21: 4 | O21: 4 | P21: 4 | Q21: 5 | R21: 5 | S21: 3 | T21: 3 | U21: 5 | V21: 5 | W21: 4 | X21: 4 | Y21: 4 | Z21: 4 | AA21: =SUM(B21:F21) -> 17 | AB21: =SUM(G21:K21) -> 19 | AC21: =SUM(L21:P21) -> 20 | AD21: =SUM(Q21:U21) -> 21 | AE21: =SUM(V21:Z21) -> 21 | AF21: =SUM(B21:Z21) -> 98
A22: 20 | B22: 2 | C22: 2 | D22: 3 | E22: 3 | F22: 2 | G22: 4 | H22: 3 | J22: 3 | K22: 4 | L22: 4 | M22: 4 | N22: 5 | O22: 4 | P22: 5 | Q22: 4 | R22: 5 | S22: 4 | T22: 4 | U22: 4 | V22: 3 | W22: 4 | X22: 4 | Y22: 3 | Z22: 3 | AA22: =SUM(B22:F22) -> 12 | AB22: =SUM(G22:K22) -> 14 | AC22: =SUM(L22:P22) -> 22 | AD22: =SUM(Q22:U22) -> 21 | AE22: =SUM(V22:Z22) -> 17 | AF22: =SUM(B22:Z22) -> 86
A23: 21 | B23: 2 | C23: 2 | D23: 2 | E23: 2 | F23: 2 | G23: 4 | H23: 3 | I23: 4 | J23: 4 | K23: 4 | L23: 4 | M23: 3 | N23: 4 | O23: 3 | P23: 3 | Q23: 2 | R23: 2 | S23: 2 | T23: 2 | U23: 3 | V23: 4 | W23: 3 | X23: 4 | Y23: 4 | Z23: 3 | AA23: =SUM(B23:F23) -> 10 | AB23: =SUM(G23:K23) -> 19 | AC23: =SUM(L23:P23) -> 17 | AD23: =SUM(Q23:U23) -> 11 | AE23: =SUM(V23:Z23) -> 18 | AF23: =SUM(B23:Z23) -> 75
A24: 22 | B24: 4 | C24: 4 | D24: 3 | E24: 3 | F24: 3 | G24: 3 | H24: 4 | I24: 4 | J24: 3 | K24: 4 | L24: 4 | M24: 4 | N24: 3 | O24: 3 | P24: 4 | Q24: 4 | R24: 4 | S24: 4 | T24: 4 | U24: 4 | V24: 3 | W24: 3 | X24: 4 | Y24: 4 | Z24: 4 | AA24: =SUM(B24:F24) -> 17 | AB24: =SUM(G24:K24) -> 18 | AC24: =SUM(L24:P24) -> 18 | AD24: =SUM(Q24:U24) -> 20 | AE24: =SUM(V24:Z24) -> 18 | AF24: =SUM(B24:Z24) -> 91
A25: 23 | B25: 5 | C25: 5 | D25: 5 | E25: 5 | F25: 5 | G25: 4 | H25: 5 | I25: 3 | J25: 4 | K25: 4 | L25: 5 | M25: 5 | N25: 5 | O25: 5 | P25: 4 | Q25: 5 | R25: 4 | S25: 5 | T25: 4 | U25: 5 | V25: 4 | W25: 5 | X25: 4 | Y25: 4 | Z25: 5 | AA25: =SUM(B25:F25) -> 25 | AB25: =SUM(G25:K25) -> 20 | AC25: =SUM(L25:P25) -> 24 | AD25: =SUM(Q25:U25) -> 23 | AE25: =SUM(V25:Z25) -> 22 | AF25: =SUM(B25:Z25) -> 114
A26: 24 | B26: 4 | C26: 5 | D26: 4 | E26: 5 | F26: 3 | G26: 5 | H26: 5 | I26: 5 | J26: 5 | K26: 3 | L26: 5 | M26: 5 | N26: 4 | O26: 5 | P26: 5 | Q26: 3 | R26: 3 | S26: 3 | T26: 4 | U26: 4 | V26: 5 | W26: 5 | X26: 5 | Y26: 5 | Z26: 5 | AA26: =SUM(B26:F26) -> 21 | AB26: =SUM(G26:K26) -> 23 | AC26: =SUM(L26:P26) -> 24 | AD26: =SUM(Q26:U26) -> 17 | AE26: =SUM(V26:Z26) -> 25 | AF26: =SUM(B26:Z26) -> 110
A27: 25 | B27: 3 | C27: 3 | D27: 4 | E27: 4 | F27: 3 | G27: 5 | H27: 5 | I27: 5 | J27: 4 | K27: 4 | L27: 5 | M27: 5 | N27: 5 | O27: 5 | P27: 5 | Q27: 5 | R27: 5 | S27: 5 | T27: 5 | U27: 5 | V27: 5 | W27: 5 | X27: 5 | Y27: 5 | Z27: 5 | AA27: =SUM(B27:F27) -> 17 | AB27: =SUM(G27:K27) -> 23 | AC27: =SUM(L27:P27) -> 25 | AD27: =SUM(Q27:U27) -> 25 | AE27: =SUM(V27:Z27) -> 25 | AF27: =SUM(B27:Z27) -> 115
A28: 26 | B28: 4 | C28: 4 | D28: 4 | E28: 5 | F28: 4 | G28: 3 | H28: 4 | I28: 4 | J28: 4 | K28: 4 | L28: 3 | M28: 4 | N28: 3 | O28: 3 | P28: 3 | Q28: 4 | R28: 4 | S28: 4 | T28: 4 | U28: 3 | V28: 4 | W28: 4 | X28: 4 | Y28: 4 | Z28: 4 | AA28: =SUM(B28:F28) -> 21 | AB28: =SUM(G28:K28) -> 19 | AC28: =SUM(L28:P28) -> 16 | AD28: =SUM(Q28:U28) -> 19 | AE28: =SUM(V28:Z28) -> 20 | AF28: =SUM(B28:Z28) -> 95
A29: 27 | B29: 5 | C29: 5 | D29: 5 | E29: 4 | F29: 4 | G29: 5 | H29: 5 | I29: 4 | J29: 5 | K29: 4 | L29: 4 | M29: 5 | N29: 5 | O29: 4 | P29: 5 | Q29: 4 | R29: 5 | S29: 5 | T29: 5 | U29: 5 | V29: 5 | W29: 5 | X29: 5 | Y29: 4 | Z29: 5 | AA29: =SUM(B29:F29) -> 23 | AB29: =SUM(G29:K29) -> 23 | AC29: =SUM(L29:P29) -> 23 | AD29: =SUM(Q29:U29) -> 24 | AE29: =SUM(V29:Z29) -> 24 | AF29: =SUM(B29:Z29) -> 117
A30: 28 | B30: 5 | C30: 5 | D30: 5 | E30: 5 | F30: 5 | G30: 5 | H30: 5 | I30: 5 | J30: 4 | K30: 5 | L30: 5 | M30: 5 | N30: 4 | O30: 5 | P30: 5 | Q30: 5 | R30: 5 | S30: 4 | T30: 5 | U30: 5 | V30: 5 | W30: 5 | X30: 5 | Y30: 5 | Z30: 5 | AA30: =SUM(B30:F30) -> 25 | AB30: =SUM(G30:K30) -> 24 | AC30: =SUM(L30:P30) -> 24 | AD30: =SUM(Q30:U30) -> 24 | AE30: =SUM(V30:Z30) -> 25 | AF30: =SUM(B30:Z30) -> 122
A31: 29 | B31: 5 | C31: 5 | D31: 5 | E31: 5 | F31: 5 | G31: 5 | H31: 4 | I31: 5 | J31: 5 | K31: 4 | L31: 4 | M31: 5 | N31: 5 | O31: 4 | P31: 5 | Q31: 5 | R31: 5 | S31: 4 | T31: 4 | U31: 5 | V31: 5 | W31: 5 | X31: 5 | Y31: 5 | Z31: 5 | AA31: =SUM(B31:F31) -> 25 | AB31: =SUM(G31:K31) -> 23 | AC31: =SUM(L31:P31) -> 23 | AD31: =SUM(Q31:U31) -> 23 | AE31: =SUM(V31:Z31) -> 25 | AF31: =SUM(B31:Z31) -> 119
A32: 30 | B32: 5 | C32: 3 | D32: 4 | E32: 5 | F32: 5 | G32: 5 | H32: 5 | I32: 5 | J32: 5 | K32: 4 | L32: 5 | M32: 5 | N32: 5 | O32: 5 | P32: 5 | Q32: 5 | R32: 5 | S32: 5 | T32: 5 | U32: 5 | V32: 4 | W32: 5 | X32: 5 | Y32: 5 | Z32: 5 | AA32: =SUM(B32:F32) -> 22 | AB32: =SUM(G32:K32) -> 24 | AC32: =SUM(L32:P32) -> 25 | AD32: =SUM(Q32:U32) -> 25 | AE32: =SUM(V32:Z32) -> 24 | AF32: =SUM(B32:Z32) -> 120
A33: Variance | B33: =_xlfn.VAR.S(B3:B32) -> 0.97126437 | C33: =_xlfn.VAR.S(C3:C32) -> 1.1231527 | D33: =_xlfn.VAR.S(D3:D32) -> 0.72298851 | E33: =_xlfn.VAR.S(E3:E32) -> 0.87816092 | F33: =_xlfn.VAR.S(F3:F32) -> 0.89195402 | G33: =_xlfn.VAR.S(G3:G32) -> 0.54712644 | H33: =_xlfn.VAR.S(H3:H32) -> 0.57931034 | I33: =_xlfn.VAR.S(I3:I32) -> 0.50738916 | ... AF33: =_xlfn.VAR.S(AF3:AF32) -> 229.97816
A37: Cronbach's Alpha | B37: {=(5/4)*(1-SUM(B33:F33/AA33))} -> 0.92937477 | C37: {=(5/4)*(1-SUM(G33:K33/AB33))} -> 0.92617461 | D37: {=(5/4)*(1-SUM(L33:P33/AC33))} -> 0.9105919 | E37: {=(5/4)*(1-SUM(Q33:U33/AD33))} -> 0.90201465 | F37: {=(5/4)*(1-SUM(V33:Z33/AE33))} -> 0.91860334
A38: Overall CA | B38: =(25/24*(1-SUM(B33:Z33)/AF33)) -> 0.96850061

Sheet Individual Validation (IPI)
A1: Respondent | B1: IPI Score Credibility | C1: Ranking Appropriateness | D1: Classification Consistency | E1: Thematic Map Usefulness for Monitoring | F1: Thematic Map Clarity for Decision Support
A2: Validator 1 | B2: 4 | C2: 4 | D2: 4 | E2: 4 | F2: 4
A3: Validator 2 | B3: 5 | C3: 5 | D3: 5 | E3: 5 | F3: 5
A4: Validator 3 | B4: 4 | C4: 4 | D4: 4 | E4: 5 | F4: 4
A5: Validator 4 | B5: 4 | C5: 4 | D5: 4 | E5: 4 | F5: 4
A6: Validator 5 | B6: 4 | C6: 4 | D6: 5 | E6: 5 | F6: 5
A7: Validator 6 | B7: 4 | C7: 4 | D7: 4 | E7: 4 | F7: 4
A8: Validator 7 | B8: 4 | C8: 5 | D8: 5 | E8: 5 | F8: 4
A9: Validator 8 | B9: 5 | C9: 5 | D9: 5 | E9: 5 | F9: 5
A10: Validator 9 | B10: 5 | C10: 5 | D10: 5 | E10: 5 | F10: 5
A11: Validator 10 | B11: 3 | C11: 4 | D11: 4 | E11: 5 | F11: 4
A12: Mean | B12: =AVERAGE(B2:B11) -> 4.2 | C12: =AVERAGE(C2:C11) -> 4.4 | D12: =AVERAGE(D2:D11) -> 4.5 | E12: =AVERAGE(E2:E11) -> 4.7 | F12: =AVERAGE(F2:F11) -> 4.4
E14: Overall Mean | F14: =AVERAGE(B12:F12) -> 4.44

Sheet Acceptability of AEGIS
B1: FUNCTIONALITY | G1: USABILITY | L1: RELIABILITY | Q1: PERFORMANCE EFFICIENCY | V1: USER INTERFACE DESIGN | AA1: Standard Deviation
A2: Respondents | B2: 1 | C2: 2 | D2: 3 | E2: 4 | F2: 5 | G2: 6 | H2: 7 | I2: 8 | J2: 9 | K2: 10 | L2: 11 | M2: 12 | N2: 13 | O2: 14 | P2: 15 | Q2: 16 | R2: 17 | S2: 18 | T2: 19 | U2: 20 | V2: 21 | W2: 22 | X2: 23 | Y2: 24 | Z2: 25 | AA2: Functionality | AB2: Usability | AC2: Reliability | AD2: Performance Efficiency | AE2: UI Design | AF2: Overall
A3: 1 | B3: 4 | C3: 4 | D3: 4 | E3: 4 | F3: 4 | G3: 3 | H3: 4 | I3: 4 | J3: 4 | K3: 4 | L3: 4 | M3: 4 | N3: 4 | O3: 4 | P3: 4 | Q3: 4 | R3: 4 | S3: 4 | T3: 4 | U3: 4 | V3: 4 | W3: 4 | X3: 4 | Y3: 4 | Z3: 4 | AA3: =AVERAGE(B3:F3) -> 4 | AB3: =AVERAGE(G3:K3) -> 3.8 | AC3: =AVERAGE(L3:P3) -> 4 | AD3: =AVERAGE(Q3:U3) -> 4 | AE3: =AVERAGE(V3:Z3) -> 4 | AF3: =AVERAGE(B3:Z3) -> 3.96
A4: 2 | B4: 5 | C4: 4 | D4: 5 | E4: 5 | F4: 5 | G4: 4 | H4: 4 | I4: 4 | J4: 5 | K4: 5 | L4: 4 | M4: 4 | N4: 5 | O4: 4 | P4: 5 | Q4: 4 | R4: 5 | S4: 5 | T4: 4 | U4: 5 | V4: 4 | W4: 4 | X4: 4 | Y4: 5 | Z4: 5 | AA4: =AVERAGE(B4:F4) -> 4.8 | AB4: =AVERAGE(G4:K4) -> 4.4 | AC4: =AVERAGE(L4:P4) -> 4.4 | AD4: =AVERAGE(Q4:U4) -> 4.6 | AE4: =AVERAGE(V4:Z4) -> 4.4 | AF4: =AVERAGE(B4:Z4) -> 4.52
A5: 3 | B5: 4 | C5: 4 | D5: 4 | E5: 4 | F5: 4 | G5: 4 | H5: 4 | I5: 4 | J5: 4 | K5: 4 | L5: 4 | M5: 4 | N5: 4 | O5: 4 | P5: 4 | Q5: 4 | R5: 4 | S5: 4 | T5: 4 | U5: 4 | V5: 4 | W5: 4 | X5: 4 | Y5: 4 | Z5: 4 | AA5: =AVERAGE(B5:F5) -> 4 | AB5: =AVERAGE(G5:K5) -> 4 | AC5: =AVERAGE(L5:P5) -> 4 | AD5: =AVERAGE(Q5:U5) -> 4 | AE5: =AVERAGE(V5:Z5) -> 4 | AF5: =AVERAGE(B5:Z5) -> 4
A6: 4 | B6: 2 | C6: 2 | D6: 2 | E6: 1 | F6: 2 | G6: 2 | H6: 2 | I6: 2 | J6: 2 | K6: 2 | L6: 2 | M6: 3 | N6: 3 | O6: 3 | P6: 3 | Q6: 3 | R6: 3 | S6: 3 | T6: 3 | U6: 2 | V6: 3 | W6: 3 | X6: 3 | Y6: 3 | Z6: 3 | AA6: =AVERAGE(B6:F6) -> 1.8 | AB6: =AVERAGE(G6:K6) -> 2 | AC6: =AVERAGE(L6:P6) -> 2.8 | AD6: =AVERAGE(Q6:U6) -> 2.8 | AE6: =AVERAGE(V6:Z6) -> 3 | AF6: =AVERAGE(B6:Z6) -> 2.48
A7: 5 | B7: 4 | C7: 4 | D7: 4 | E7: 4 | F7: 3 | G7: 3 | H7: 3 | I7: 4 | J7: 4 | K7: 4 | L7: 4 | M7: 4 | N7: 4 | O7: 4 | P7: 4 | Q7: 4 | R7: 4 | S7: 4 | T7: 4 | U7: 4 | V7: 3 | W7: 4 | X7: 3 | Y7: 3 | Z7: 4 | AA7: =AVERAGE(B7:F7) -> 3.8 | AB7: =AVERAGE(G7:K7) -> 3.6 | AC7: =AVERAGE(L7:P7) -> 4 | AD7: =AVERAGE(Q7:U7) -> 4 | AE7: =AVERAGE(V7:Z7) -> 3.4 | AF7: =AVERAGE(B7:Z7) -> 3.76
A8: 6 | B8: 5 | C8: 5 | D8: 5 | E8: 5 | F8: 5 | G8: 4 | H8: 4 | I8: 5 | J8: 5 | K8: 5 | L8: 5 | M8: 5 | N8: 5 | O8: 5 | P8: 5 | Q8: 5 | R8: 5 | S8: 5 | T8: 5 | U8: 5 | V8: 4 | W8: 5 | X8: 4 | Y8: 4 | Z8: 5 | AA8: =AVERAGE(B8:F8) -> 5 | AB8: =AVERAGE(G8:K8) -> 4.6 | AC8: =AVERAGE(L8:P8) -> 5 | AD8: =AVERAGE(Q8:U8) -> 5 | AE8: =AVERAGE(V8:Z8) -> 4.4 | AF8: =AVERAGE(B8:Z8) -> 4.8
A9: 7 | B9: 4 | C9: 5 | D9: 4 | E9: 5 | F9: 5 | G9: 4 | H9: 4 | I9: 4 | J9: 4 | K9: 5 | L9: 5 | M9: 4 | N9: 5 | O9: 4 | P9: 4 | Q9: 4 | R9: 4 | S9: 5 | T9: 4 | U9: 4 | V9: 5 | W9: 5 | X9: 4 | Y9: 5 | Z9: 5 | AA9: =AVERAGE(B9:F9) -> 4.6 | AB9: =AVERAGE(G9:K9) -> 4.2 | AC9: =AVERAGE(L9:P9) -> 4.4 | AD9: =AVERAGE(Q9:U9) -> 4.2 | AE9: =AVERAGE(V9:Z9) -> 4.8 | AF9: =AVERAGE(B9:Z9) -> 4.44
A10: 8 | B10: 4 | C10: 4 | D10: 4 | E10: 4 | F10: 4 | G10: 3 | H10: 3 | I10: 4 | J10: 4 | K10: 4 | L10: 3 | M10: 4 | N10: 5 | O10: 5 | P10: 4 | Q10: 5 | R10: 4 | S10: 4 | T10: 4 | U10: 5 | V10: 5 | W10: 5 | X10: 4 | Y10: 3 | Z10: 4 | AA10: =AVERAGE(B10:F10) -> 4 | AB10: =AVERAGE(G10:K10) -> 3.6 | AC10: =AVERAGE(L10:P10) -> 4.2 | AD10: =AVERAGE(Q10:U10) -> 4.4 | AE10: =AVERAGE(V10:Z10) -> 4.2 | AF10: =AVERAGE(B10:Z10) -> 4.08
A11: 9 | B11: 5 | C11: 5 | D11: 5 | E11: 4 | F11: 5 | G11: 5 | H11: 5 | I11: 5 | J11: 5 | K11: 4 | L11: 4 | M11: 4 | N11: 4 | O11: 4 | P11: 4 | Q11: 4 | R11: 4 | S11: 5 | T11: 4 | U11: 4 | V11: 4 | W11: 5 | X11: 4 | Y11: 4 | Z11: 4 | AA11: =AVERAGE(B11:F11) -> 4.8 | AB11: =AVERAGE(G11:K11) -> 4.8 | AC11: =AVERAGE(L11:P11) -> 4 | AD11: =AVERAGE(Q11:U11) -> 4.2 | AE11: =AVERAGE(V11:Z11) -> 4.2 | AF11: =AVERAGE(B11:Z11) -> 4.4
A12: 10 | B12: 4 | C12: 4 | D12: 4 | E12: 4 | F12: 4 | G12: 4 | H12: 4 | I12: 4 | J12: 4 | K12: 4 | L12: 4 | M12: 4 | N12: 4 | O12: 4 | P12: 4 | Q12: 4 | R12: 4 | S12: 4 | T12: 4 | U12: 4 | V12: 4 | W12: 4 | X12: 4 | Y12: 4 | Z12: 4 | AA12: =AVERAGE(B12:F12) -> 4 | AB12: =AVERAGE(G12:K12) -> 4 | AC12: =AVERAGE(L12:P12) -> 4 | AD12: =AVERAGE(Q12:U12) -> 4 | AE12: =AVERAGE(V12:Z12) -> 4 | AF12: =AVERAGE(B12:Z12) -> 4
A13: 11 | B13: 4 | C13: 4 | D13: 5 | E13: 5 | F13: 5 | G13: 5 | H13: 5 | I13: 4 | J13: 5 | K13: 4 | L13: 5 | M13: 5 | N13: 5 | O13: 4 | P13: 5 | Q13: 5 | R13: 5 | S13: 5 | T13: 5 | U13: 4 | V13: 5 | W13: 5 | X13: 5 | Y13: 5 | Z13: 5 | AA13: =AVERAGE(B13:F13) -> 4.6 | AB13: =AVERAGE(G13:K13) -> 4.6 | AC13: =AVERAGE(L13:P13) -> 4.8 | AD13: =AVERAGE(Q13:U13) -> 4.8 | AE13: =AVERAGE(V13:Z13) -> 5 | AF13: =AVERAGE(B13:Z13) -> 4.76
A14: 12 | B14: 5 | C14: 5 | D14: 5 | E14: 5 | F14: 4 | G14: 5 | H14: 5 | I14: 5 | J14: 5 | K14: 4 | L14: 5 | M14: 5 | N14: 4 | O14: 4 | P14: 4 | Q14: 4 | R14: 5 | S14: 4 | T14: 4 | U14: 4 | V14: 5 | W14: 5 | X14: 5 | Y14: 5 | Z14: 4 | AA14: =AVERAGE(B14:F14) -> 4.8 | AB14: =AVERAGE(G14:K14) -> 4.8 | AC14: =AVERAGE(L14:P14) -> 4.4 | AD14: =AVERAGE(Q14:U14) -> 4.2 | AE14: =AVERAGE(V14:Z14) -> 4.8 | AF14: =AVERAGE(B14:Z14) -> 4.6
... A32: 30 | B32: 5 | C32: 3 | D32: 4 | E32: 5 | F32: 5 | G32: 5 | H32: 5 | I32: 5 | J32: 5 | K32: 4 | L32: 5 | M32: 5 | N32: 5 | O32: 5 | P32: 5 | Q32: 5 | R32: 5 | S32: 5 | T32: 5 | U32: 5 | V32: 4 | W32: 5 | X32: 5 | Y32: 5 | Z32: 5 | AA32: =AVERAGE(B32:F32) -> 4.4 | AB32: =AVERAGE(G32:K32) -> 4.8 | AC32: =AVERAGE(L32:P32) -> 5 | AD32: =AVERAGE(Q32:U32) -> 5 | AE32: =AVERAGE(V32:Z32) -> 4.8 | AF32: =AVERAGE(B32:Z32) -> 4.8
A33: Mean | B33: =AVERAGE(B3:B32) -> 4.3666667 | C33: =AVERAGE(C3:C32) -> 4.1666667 | D33: =AVERAGE(D3:D32) -> 4.4 | E33: =AVERAGE(E3:E32) -> 4.3 | F33: =AVERAGE(F3:F32) -> 4.2 | G33: =AVERAGE(G3:G32) -> 3.9666667 | H33: =AVERAGE(H3:H32) -> 4.0666667 | I33: =AVERAGE(I3:I32) -> 4.2 | ... Z33: =AVERAGE(Z3:Z32) -> 4.5 | AA33: =_xlfn.STDEV.S(AA3:AA32) -> 0.69417941 | AB33: =_xlfn.STDEV.S(AB3:AB32) -> 0.74599313 | AC33: =_xlfn.STDEV.S(AC3:AC32) -> 0.63593537 | AD33: =_xlfn.STDEV.S(AD3:AD32) -> 0.56013135 | AE33: =_xlfn.STDEV.S(AE3:AE32) -> 0.57937739 | AF33: =_xlfn.STDEV.S(AF3:AF32) -> 0.57667138
A34: Overall mean | B34: =AVERAGE(B33:F33) -> 4.2866667 | G34: =AVERAGE(G33:K33) -> 4.0933333 | L34: =AVERAGE(L33:P33) -> 4.32 | Q34: =AVERAGE(Q33:U33) -> 4.4266667 | V34: =AVERAGE(V33:Z33) -> 4.4466667
A35: GWA | B35: =AVERAGE(B34,G34,L34,Q34,V34) -> 4.3146667

Sheet Overall Mean
A1: System-quality dimension | B1: Mean | C1: SD
A2: Functionality | B2: 4.29 | C2: 0.69
A3: Usability | B3: 4.09 | C3: 0.75
A4: Reliability | B4: 4.32 | C4: 0.64
A5: Performance efficiency | B5: 4.43 | C5: 0.56
A6: User-Interface Design | B6: 4.44 | C6: 0.58
A7: Overall Acceptability | B7: 4.31 | C7: 0.58
